cgroup_id,resource_type,container_count,iteration,t_e2e_ms,with_puretime
108474,cpu,1,1,2274,false
108648,cpu,1,1,2344,true
108735,cpu,1,2,2291,false
108909,cpu,1,2,2325,true
109083,cpu,1,3,2329,false
109257,cpu,1,3,2330,true
109344,cpu,1,4,2332,false
109518,cpu,1,4,2370,true
109605,cpu,1,5,2278,false
109779,cpu,1,5,2299,true
109866,cpu,1,6,2356,false
110040,cpu,1,6,2299,true
110127,cpu,1,7,2256,false
110301,cpu,1,7,2298,true
110388,cpu,1,8,2299,false
110562,cpu,1,8,2312,true
110649,cpu,1,9,2278,false
110823,cpu,1,9,2276,true
110910,cpu,1,10,2303,false
111084,cpu,1,10,2324,true
111171,cpu,5,1,6141,false
111345,cpu,5,1,7218,false
111432,cpu,5,1,8926,false
111519,cpu,5,1,9413,false
111606,cpu,5,1,8117,false
111780,cpu,5,1,6136,true
111867,cpu,5,1,7461,true
111954,cpu,5,1,7395,true
112041,cpu,5,1,9203,true
112128,cpu,5,1,7728,true
112302,cpu,5,2,10447,false
112389,cpu,5,2,7447,false
112476,cpu,5,2,7949,false
112563,cpu,5,2,9342,false
112737,cpu,5,2,7641,false
112824,cpu,5,2,5578,true
112998,cpu,5,2,9619,true
113085,cpu,5,2,7187,true
113172,cpu,5,2,7087,true
113259,cpu,5,2,8466,true
113433,cpu,5,3,11358,false
113520,cpu,5,3,7928,false
113607,cpu,5,3,8667,false
113694,cpu,5,3,8790,false
113781,cpu,5,3,8365,false
113955,cpu,5,3,6001,true
114042,cpu,5,3,7287,true
114129,cpu,5,3,9845,true
114216,cpu,5,3,9321,true
114303,cpu,5,3,6818,true
114477,cpu,5,4,10006,false
114564,cpu,5,4,7287,false
114651,cpu,5,4,7685,false
114825,cpu,5,4,9209,false
114912,cpu,5,4,7327,false
114999,cpu,5,4,11367,true
115173,cpu,5,4,9814,true
115260,cpu,5,4,7713,true
115347,cpu,5,4,8087,true
115434,cpu,5,4,7849,true
115608,cpu,5,5,5859,false
115695,cpu,5,5,6927,false
115782,cpu,5,5,10027,false
115869,cpu,5,5,8678,false
115956,cpu,5,5,6448,false
116130,cpu,5,5,9877,true
116217,cpu,5,5,6465,true
116304,cpu,5,5,10092,true
116391,cpu,5,5,9109,true
116565,cpu,5,5,7156,true
116652,cpu,5,6,10220,false
116826,cpu,5,6,9938,false
116913,cpu,5,6,7420,false
117000,cpu,5,6,9425,false
117087,cpu,5,6,7615,false
117261,cpu,5,6,6953,true
117348,cpu,5,6,8401,true
117435,cpu,5,6,8512,true
117522,cpu,5,6,8224,true
117609,cpu,5,6,8655,true
117783,cpu,5,7,9809,false
117870,cpu,5,7,10663,false
117957,cpu,5,7,8363,false
118044,cpu,5,7,8567,false
118131,cpu,5,7,8244,false
118305,cpu,5,7,8902,true
118392,cpu,5,7,6540,true
118479,cpu,5,7,6758,true
118566,cpu,5,7,8193,true
118653,cpu,5,7,8608,true
118827,cpu,5,8,6752,false
118914,cpu,5,8,8156,false
119001,cpu,5,8,8162,false
119088,cpu,5,8,9279,false
119175,cpu,5,8,7422,false
119349,cpu,5,8,9461,true
119436,cpu,5,8,10182,true
119523,cpu,5,8,7116,true
119610,cpu,5,8,9343,true
119697,cpu,5,8,7287,true
119871,cpu,5,9,5765,false
120045,cpu,5,9,10489,false
120132,cpu,5,9,10088,false
120219,cpu,5,9,8198,false
120306,cpu,5,9,7960,false
120567,cpu,5,9,11327,true
120654,cpu,5,9,5787,true
120741,cpu,5,9,9584,true
120828,cpu,5,9,9199,true
120915,cpu,5,9,6330,true
121089,cpu,5,10,7603,false
121176,cpu,5,10,9802,false
121263,cpu,5,10,9896,false
121350,cpu,5,10,9399,false
121524,cpu,5,10,6639,false
121611,cpu,5,10,11341,true
121785,cpu,5,10,6832,true
121872,cpu,5,10,7469,true
121959,cpu,5,10,9450,true
122046,cpu,5,10,7130,true
122220,cpu,8,1,10121,false
122307,cpu,8,1,11979,false
122394,cpu,8,1,17004,false
122481,cpu,8,1,15261,false
122568,cpu,8,1,13417,false
122655,cpu,8,1,9575,false
122742,cpu,8,1,9440,false
122829,cpu,8,1,13160,false
123003,cpu,8,1,9465,true
123177,cpu,8,1,12695,true
123264,cpu,8,1,13679,true
123351,cpu,8,1,13939,true
123438,cpu,8,1,13868,true
123525,cpu,8,1,13512,true
123612,cpu,8,1,12985,true
123699,cpu,8,1,13559,true
123873,cpu,8,2,9666,false
123960,cpu,8,2,13473,false
124047,cpu,8,2,14552,false
124134,cpu,8,2,15082,false
124308,cpu,8,2,15138,false
124395,cpu,8,2,14887,false
124482,cpu,8,2,14397,false
124569,cpu,8,2,13746,false
124743,cpu,8,2,8475,true
124830,cpu,8,2,11725,true
124917,cpu,8,2,12463,true
125004,cpu,8,2,15477,true
125091,cpu,8,2,12717,true
125265,cpu,8,2,12475,true
125352,cpu,8,2,11947,true
125439,cpu,8,2,13443,true
125613,cpu,8,3,5935,false
125700,cpu,8,3,17522,false
125787,cpu,8,3,15389,false
125874,cpu,8,3,11449,false
125961,cpu,8,3,11881,false
126135,cpu,8,3,14562,false
126222,cpu,8,3,11681,false
126309,cpu,8,3,11330,false
126483,cpu,8,3,13832,true
126570,cpu,8,3,15900,true
126657,cpu,8,3,10545,true
126744,cpu,8,3,11276,true
126918,cpu,8,3,11527,true
127005,cpu,8,3,14908,true
127092,cpu,8,3,13581,true
127179,cpu,8,3,13569,true
127353,cpu,8,4,17527,false
127440,cpu,8,4,12113,false
127527,cpu,8,4,14082,false
127701,cpu,8,4,14744,false
127788,cpu,8,4,15051,false
127875,cpu,8,4,14921,false
127962,cpu,8,4,14353,false
128049,cpu,8,4,13810,false
128223,cpu,8,4,8607,true
128310,cpu,8,4,11800,true
128397,cpu,8,4,12803,true
128571,cpu,8,4,13014,true
128658,cpu,8,4,15652,true
128745,cpu,8,4,12622,true
128832,cpu,8,4,13807,true
128919,cpu,8,4,11654,true
129093,cpu,8,5,15199,false
129180,cpu,8,5,11192,false
129354,cpu,8,5,12533,false
129441,cpu,8,5,13012,false
129528,cpu,8,5,13093,false
129615,cpu,8,5,12703,false
129702,cpu,8,5,14155,false
129789,cpu,8,5,13508,false
129963,cpu,8,5,8390,true
130050,cpu,8,5,11815,true
130224,cpu,8,5,12617,true
130311,cpu,8,5,16077,true
130398,cpu,8,5,12934,true
130485,cpu,8,5,12690,true
130572,cpu,8,5,12302,true
130659,cpu,8,5,13558,true
130833,cpu,8,6,17549,false
130920,cpu,8,6,9690,false
131094,cpu,8,6,11526,false
131181,cpu,8,6,16474,false
131268,cpu,8,6,15684,false
131355,cpu,8,6,12556,false
131442,cpu,8,6,12467,false
131529,cpu,8,6,12063,false
131790,cpu,8,6,8540,true
131877,cpu,8,6,11514,true
131964,cpu,8,6,12357,true
132138,cpu,8,6,15440,true
132225,cpu,8,6,12599,true
132312,cpu,8,6,12387,true
132399,cpu,8,6,11968,true
132486,cpu,8,6,13408,true
132660,cpu,8,7,6918,false
132747,cpu,8,7,17624,false
132921,cpu,8,7,13002,false
133008,cpu,8,7,13437,false
133095,cpu,8,7,13898,false
133182,cpu,8,7,13704,false
133269,cpu,8,7,13329,false
133356,cpu,8,7,12785,false
133530,cpu,8,7,15170,true
133617,cpu,8,7,17752,true
133704,cpu,8,7,8323,true
133791,cpu,8,7,15097,true
133878,cpu,8,7,9515,true
133965,cpu,8,7,14617,true
134139,cpu,8,7,14346,true
134226,cpu,8,7,13792,true
134400,cpu,8,8,6797,false
134487,cpu,8,8,16435,false
134574,cpu,8,8,17002,false
134661,cpu,8,8,12480,false
134748,cpu,8,8,12672,false
134835,cpu,8,8,15034,false
135009,cpu,8,8,12590,false
135096,cpu,8,8,12247,false
135270,cpu,8,8,6860,true
135357,cpu,8,8,16448,true
135444,cpu,8,8,11134,true
135531,cpu,8,8,16313,true
135618,cpu,8,8,14266,true
135705,cpu,8,8,12146,true
135879,cpu,8,8,12019,true
135966,cpu,8,8,11661,true
136140,cpu,8,9,7850,false
136227,cpu,8,9,17692,false
136314,cpu,8,9,13347,false
136401,cpu,8,9,14167,false
136488,cpu,8,9,14326,false
136575,cpu,8,9,14198,false
136662,cpu,8,9,13812,false
136836,cpu,8,9,13347,false
137010,cpu,8,9,16290,true
137097,cpu,8,9,9606,true
137184,cpu,8,9,10811,true
137271,cpu,8,9,11123,true
137358,cpu,8,9,10999,true
137445,cpu,8,9,13303,true
137619,cpu,8,9,14042,true
137706,cpu,8,9,13682,true
137880,cpu,8,10,18417,false
137967,cpu,8,10,11249,false
138054,cpu,8,10,13443,false
138141,cpu,8,10,14090,false
138315,cpu,8,10,14414,false
138402,cpu,8,10,14280,false
138489,cpu,8,10,13937,false
138576,cpu,8,10,13334,false
138750,cpu,8,10,7283,true
138837,cpu,8,10,10023,true
139011,cpu,8,10,16926,true
139098,cpu,8,10,14954,true
139185,cpu,8,10,11230,true
139272,cpu,8,10,11213,true
139359,cpu,8,10,14401,true
139446,cpu,8,10,10405,true
139620,network,1,1,6387,false
139707,network,1,1,6406,true
139794,network,1,2,6393,false
139881,network,1,2,6382,true
139968,network,1,3,6378,false
140055,network,1,3,6384,true
140142,network,1,4,6403,false
140229,network,1,4,6384,true
140316,network,1,5,6365,false
140403,network,1,5,6367,true
140490,network,1,6,6418,false
140577,network,1,6,6396,true
140664,network,1,7,6411,false
140751,network,1,7,6370,true
140838,network,1,8,6382,false
140925,network,1,8,6385,true
141012,network,1,9,6400,false
141099,network,1,9,6401,true
141186,network,1,10,6367,false
141273,network,1,10,6561,true
141360,network,5,1,26014,false
141447,network,5,1,28050,false
141534,network,5,1,28211,false
141621,network,5,1,28107,false
141708,network,5,1,27682,false
141795,network,5,1,26275,true
141882,network,5,1,27766,true
141969,network,5,1,28279,true
142056,network,5,1,28373,true
142143,network,5,1,27653,true
142280,network,5,2,27698,false
142367,network,5,2,28816,false
142454,network,5,2,29621,false
142541,network,5,2,29142,false
142628,network,5,2,28561,false
142715,network,5,2,26381,true
142802,network,5,2,28132,true
142889,network,5,2,28394,true
142976,network,5,2,28174,true
143063,network,5,2,27790,true
143150,network,5,3,26388,false
143237,network,5,3,28181,false
143324,network,5,3,28315,false
143411,network,5,3,28193,false
143498,network,5,3,27777,false
143585,network,5,3,26459,true
143672,network,5,3,28024,true
143759,network,5,3,28412,true
143846,network,5,3,28284,true
143933,network,5,3,27840,true
144020,network,5,4,26483,false
144107,network,5,4,28080,false
144194,network,5,4,28296,false
144281,network,5,4,28139,false
144368,network,5,4,27811,false
144542,network,5,4,26479,true
144629,network,5,4,28084,true
144716,network,5,4,28509,true
144803,network,5,4,28228,true
144890,network,5,4,27782,true
144977,network,5,5,26463,false
145064,network,5,5,28132,false
145151,network,5,5,28250,false
145238,network,5,5,28151,false
145325,network,5,5,27892,false
145412,network,5,5,26449,true
145499,network,5,5,28129,true
145586,network,5,5,28372,true
145673,network,5,5,28180,true
145760,network,5,5,27795,true
145847,network,5,6,26019,false
145934,network,5,6,28587,false
146021,network,5,6,28585,false
146108,network,5,6,28249,false
146195,network,5,6,27847,false
146282,network,5,6,27606,true
146369,network,5,6,28298,true
146456,network,5,6,28362,true
146543,network,5,6,28407,true
146630,network,5,6,28109,true
146717,network,5,7,26465,false
146804,network,5,7,28288,false
146891,network,5,7,28346,false
146978,network,5,7,28225,false
147065,network,5,7,27807,false
147152,network,5,7,26449,true
147239,network,5,7,28185,true
147326,network,5,7,28433,true
147413,network,5,7,28253,true
147500,network,5,7,27834,true
147587,network,5,8,26155,false
147674,network,5,8,28278,false
147761,network,5,8,28271,false
147848,network,5,8,28084,false
147935,network,5,8,27659,false
148022,network,5,8,26360,true
148109,network,5,8,28139,true
148196,network,5,8,28403,true
148283,network,5,8,28212,true
148370,network,5,8,27850,true
148457,network,5,9,26671,false
148544,network,5,9,28236,false
148631,network,5,9,28478,false
148718,network,5,9,28277,false
148805,network,5,9,27917,false
148979,network,5,9,26937,true
149066,network,5,9,28317,true
149153,network,5,9,28438,true
149240,network,5,9,28477,true
149327,network,5,9,28008,true
149414,network,5,10,26367,false
149501,network,5,10,28026,false
149588,network,5,10,28449,false
149675,network,5,10,28166,false
149762,network,5,10,27789,false
149849,network,5,10,26456,true
149936,network,5,10,28175,true
150023,network,5,10,28387,true
150110,network,5,10,28440,true
150197,network,5,10,27910,true
150284,network,8,1,42874,false
150371,network,8,1,43252,false
150458,network,8,1,44695,false
150545,network,8,1,45191,false
150632,network,8,1,45591,false
150719,network,8,1,45442,false
150806,network,8,1,44066,false
150893,network,8,1,44528,false
150980,network,8,1,39803,true
151067,network,8,1,43493,true
151154,network,8,1,44319,true
151241,network,8,1,44794,true
151328,network,8,1,44773,true
151415,network,8,1,44761,true
151502,network,8,1,44307,true
151589,network,8,1,43794,true
151676,network,8,2,40599,false
151763,network,8,2,43912,false
151850,network,8,2,44562,false
151937,network,8,2,44706,false
152024,network,8,2,44931,false
152111,network,8,2,44746,false
152198,network,8,2,44530,false
152285,network,8,2,43957,false
152459,network,8,2,40284,true
152546,network,8,2,43343,true
152633,network,8,2,44344,true
152720,network,8,2,44971,true
152807,network,8,2,45021,true
152894,network,8,2,44683,true
152981,network,8,2,44299,true
153068,network,8,2,43830,true
153155,network,8,3,40204,false
153242,network,8,3,43513,false
153329,network,8,3,44467,false
153416,network,8,3,44999,false
153503,network,8,3,44864,false
153590,network,8,3,44781,false
153677,network,8,3,44365,false
153764,network,8,3,43937,false
153851,network,8,3,39941,true
153938,network,8,3,44234,true
154025,network,8,3,44744,true
154112,network,8,3,45230,true
154199,network,8,3,45457,true
154286,network,8,3,44936,true
154373,network,8,3,44120,true
154460,network,8,3,44032,true
154547,network,8,4,40371,false
154634,network,8,4,43536,false
154721,network,8,4,45218,false
154808,network,8,4,45303,false
154895,network,8,4,45299,false
154982,network,8,4,45250,false
155069,network,8,4,44597,false
155156,network,8,4,44185,false
155243,network,8,4,39677,true
155330,network,8,4,43521,true
155417,network,8,4,44199,true
155504,network,8,4,45011,true
155591,network,8,4,44847,true
155678,network,8,4,44626,true
155765,network,8,4,44308,true
155852,network,8,4,43799,true
155939,network,8,5,40087,false
156026,network,8,5,43797,false
156113,network,8,5,44475,false
156200,network,8,5,44897,false
156287,network,8,5,44886,false
156374,network,8,5,44892,false
156461,network,8,5,44550,false
156548,network,8,5,43912,false
156635,network,8,5,39602,true
156722,network,8,5,43494,true
156809,network,8,5,44253,true
156896,network,8,5,44561,true
156983,network,8,5,44643,true
157070,network,8,5,44446,true
157157,network,8,5,44138,true
157244,network,8,5,43646,true
157331,network,8,6,39837,false
157418,network,8,6,43211,false
157505,network,8,6,44241,false
157592,network,8,6,44808,false
157679,network,8,6,44797,false
157766,network,8,6,44678,false
157853,network,8,6,44218,false
157940,network,8,6,43795,false
158027,network,8,6,40402,true
158114,network,8,6,42671,true
158201,network,8,6,45132,true
158288,network,8,6,45032,true
158375,network,8,6,45085,true
158462,network,8,6,44822,true
158549,network,8,6,44668,true
158636,network,8,6,44255,true
158723,network,8,7,39407,false
158810,network,8,7,43704,false
158897,network,8,7,44121,false
158984,network,8,7,44597,false
159071,network,8,7,44840,false
159158,network,8,7,44929,false
159245,network,8,7,44194,false
159332,network,8,7,43929,false
159419,network,8,7,39736,true
159506,network,8,7,43275,true
159593,network,8,7,44879,true
159680,network,8,7,44641,true
159767,network,8,7,44912,true
159854,network,8,7,44496,true
159941,network,8,7,44515,true
160028,network,8,7,43745,true
160115,network,8,8,40484,false
160202,network,8,8,43839,false
160289,network,8,8,44904,false
160376,network,8,8,45116,false
160463,network,8,8,44918,false
160550,network,8,8,44794,false
160637,network,8,8,44551,false
160724,network,8,8,44060,false
160898,network,8,8,40247,true
160985,network,8,8,43603,true
161072,network,8,8,44663,true
161159,network,8,8,44939,true
161246,network,8,8,45037,true
161333,network,8,8,44585,true
161420,network,8,8,44356,true
161507,network,8,8,43877,true
161594,network,8,9,40050,false
161681,network,8,9,43547,false
161768,network,8,9,44846,false
161855,network,8,9,44914,false
161942,network,8,9,44909,false
162029,network,8,9,44659,false
162116,network,8,9,44350,false
162203,network,8,9,43918,false
162290,network,8,9,40650,true
162377,network,8,9,43080,true
162464,network,8,9,43890,true
162551,network,8,9,45836,true
162638,network,8,9,45261,true
162725,network,8,9,44173,true
162812,network,8,9,44632,true
162899,network,8,9,44029,true
162986,network,8,10,39321,false
163073,network,8,10,43672,false
163160,network,8,10,44642,false
163247,network,8,10,44845,false
163334,network,8,10,44987,false
163421,network,8,10,44664,false
163508,network,8,10,44247,false
163595,network,8,10,43826,false
163682,network,8,10,39974,true
163769,network,8,10,43532,true
163856,network,8,10,44547,true
163943,network,8,10,44888,true
164030,network,8,10,44795,true
164117,network,8,10,44730,true
164204,network,8,10,44286,true
164291,network,8,10,43800,true
164378,block_io,1,1,4570,false
164552,block_io,1,1,4594,true
164726,block_io,1,2,4538,false
164813,block_io,1,2,4592,true
164987,block_io,1,3,4637,false
165161,block_io,1,3,4661,true
165248,block_io,1,4,4545,false
165422,block_io,1,4,4599,true
165596,block_io,1,5,4613,false
165683,block_io,1,5,4557,true
165857,block_io,1,6,4512,false
166031,block_io,1,6,4665,true
166118,block_io,1,7,4660,false
166292,block_io,1,7,4654,true
166466,block_io,1,8,4688,false
166553,block_io,1,8,4513,true
166727,block_io,1,9,4507,false
166901,block_io,1,9,4591,true
166988,block_io,1,10,4635,false
167162,block_io,1,10,4459,true
167336,block_io,8,1,4109,false
167423,block_io,8,1,3822,false
167510,block_io,8,1,5011,false
167597,block_io,8,1,4041,false
167684,block_io,8,1,5238,false
167858,block_io,8,1,4116,false
167945,block_io,8,1,5386,false
168032,block_io,8,1,4752,false
168206,block_io,8,1,3808,true
168293,block_io,8,1,4974,true
168380,block_io,8,1,5144,true
168467,block_io,8,1,4955,true
168554,block_io,8,1,5470,true
168728,block_io,8,1,4193,true
168815,block_io,8,1,5367,true
168902,block_io,8,1,4701,true
169076,block_io,8,2,3884,false
169163,block_io,8,2,5114,false
169250,block_io,8,2,4661,false
169424,block_io,8,2,4115,false
169511,block_io,8,2,5683,false
169598,block_io,8,2,4219,false
169685,block_io,8,2,5866,false
169772,block_io,8,2,5403,false
169946,block_io,8,2,3977,true
170033,block_io,8,2,5175,true
170120,block_io,8,2,5408,true
170294,block_io,8,2,4352,true
170381,block_io,8,2,4842,true
170468,block_io,8,2,5090,true
170555,block_io,8,2,4404,true
170729,block_io,8,2,6161,true
170816,block_io,8,3,4003,false
170990,block_io,8,3,5339,false
171077,block_io,8,3,5341,false
171164,block_io,8,3,3817,false
171251,block_io,8,3,4996,false
171338,block_io,8,3,3807,false
171512,block_io,8,3,5061,false
171599,block_io,8,3,4828,false
171686,block_io,8,3,4139,true
171860,block_io,8,3,5216,true
171947,block_io,8,3,5160,true
172034,block_io,8,3,4259,true
172121,block_io,8,3,5516,true
172208,block_io,8,3,3880,true
172382,block_io,8,3,5323,true
172469,block_io,8,3,5302,true
172556,block_io,8,4,4052,false
172730,block_io,8,4,5323,false
172817,block_io,8,4,5367,false
172904,block_io,8,4,4139,false
172991,block_io,8,4,5255,false
173078,block_io,8,4,3862,false
173252,block_io,8,4,5230,false
173426,block_io,8,4,4820,false
173513,block_io,8,4,3725,true
173687,block_io,8,4,5057,true
173774,block_io,8,4,5223,true
173861,block_io,8,4,4163,true
173948,block_io,8,4,4247,true
174035,block_io,8,4,5382,true
174209,block_io,8,4,4400,true
174296,block_io,8,4,5462,true
174383,block_io,8,5,4059,false
174557,block_io,8,5,4914,false
174644,block_io,8,5,5362,false
174731,block_io,8,5,4646,false
174818,block_io,8,5,5580,false
174905,block_io,8,5,4840,false
175079,block_io,8,5,4601,false
175166,block_io,8,5,6386,false
175340,block_io,8,5,3834,true
175427,block_io,8,5,5051,true
175514,block_io,8,5,5264,true
175601,block_io,8,5,4317,true
175688,block_io,8,5,5260,true
175862,block_io,8,5,4319,true
175949,block_io,8,5,5344,true
176036,block_io,8,5,4992,true
176210,block_io,8,6,3760,false
176297,block_io,8,6,4759,false
176384,block_io,8,6,4804,false
176558,block_io,8,6,4482,false
176645,block_io,8,6,5162,false
176732,block_io,8,6,4966,false
176819,block_io,8,6,5971,false
176906,block_io,8,6,4844,false
177080,block_io,8,6,3983,true
177167,block_io,8,6,5264,true
177254,block_io,8,6,4903,true
177428,block_io,8,6,4729,true
177515,block_io,8,6,5361,true
177602,block_io,8,6,5318,true
177689,block_io,8,6,4231,true
177863,block_io,8,6,6178,true
177950,block_io,8,7,3775,false
178124,block_io,8,7,5188,false
178211,block_io,8,7,5305,false
178298,block_io,8,7,4188,false
178385,block_io,8,7,4672,false
178472,block_io,8,7,5290,false
178646,block_io,8,7,4202,false
178733,block_io,8,7,6127,false
178820,block_io,8,7,3986,true
178994,block_io,8,7,5683,true
179081,block_io,8,7,5557,true
179168,block_io,8,7,4743,true
179255,block_io,8,7,4016,true
179342,block_io,8,7,5322,true
179516,block_io,8,7,4432,true
179603,block_io,8,7,4743,true
179777,block_io,8,8,3936,false
179864,block_io,8,8,5123,false
179951,block_io,8,8,5224,false
180038,block_io,8,8,4395,false
180212,block_io,8,8,5764,false
180299,block_io,8,8,4531,false
180386,block_io,8,8,5172,false
180473,block_io,8,8,4824,false
180647,block_io,8,8,3885,true
180734,block_io,8,8,5157,true
180821,block_io,8,8,5403,true
180995,block_io,8,8,4089,true
181082,block_io,8,8,4317,true
181169,block_io,8,8,5362,true
181256,block_io,8,8,4607,true
181343,block_io,8,8,6631,true
181517,block_io,8,9,3969,false
181691,block_io,8,9,5187,false
181778,block_io,8,9,5017,false
181865,block_io,8,9,4334,false
181952,block_io,8,9,5686,false
182039,block_io,8,9,4251,false
182213,block_io,8,9,5433,false
182300,block_io,8,9,5357,false
182387,block_io,8,9,4013,true
182561,block_io,8,9,5102,true
182648,block_io,8,9,5319,true
182735,block_io,8,9,4321,true
182822,block_io,8,9,5560,true
182909,block_io,8,9,4609,true
183083,block_io,8,9,4971,true
183170,block_io,8,9,4957,true
183344,block_io,8,10,3858,false
183431,block_io,8,10,5437,false
183518,block_io,8,10,4370,false
183605,block_io,8,10,5321,false
183779,block_io,8,10,4316,false
183866,block_io,8,10,5487,false
183953,block_io,8,10,4157,false
184040,block_io,8,10,6408,false
184214,block_io,8,10,3914,true
184301,block_io,8,10,5391,true
184388,block_io,8,10,4715,true
184562,block_io,8,10,4476,true
184649,block_io,8,10,4433,true
184736,block_io,8,10,5540,true
184823,block_io,8,10,4056,true
184910,block_io,8,10,4994,true
185084,block_io,15,1,3887,false
185171,block_io,15,1,5196,false
185258,block_io,15,1,4565,false
185432,block_io,15,1,4313,false
185519,block_io,15,1,5560,false
185606,block_io,15,1,4764,false
185693,block_io,15,1,4403,false
185867,block_io,15,1,5397,false
185954,block_io,15,1,4495,false
186041,block_io,15,1,5749,false
186128,block_io,15,1,4551,false
186215,block_io,15,1,4833,false
186389,block_io,15,1,4178,false
186476,block_io,15,1,5416,false
186563,block_io,15,1,5615,false
186737,block_io,15,1,3918,true
186824,block_io,15,1,5162,true
186911,block_io,15,1,4643,true
186998,block_io,15,1,5454,true
187172,block_io,15,1,4250,true
187259,block_io,15,1,5576,true
187346,block_io,15,1,4659,true
187433,block_io,15,1,5367,true
187520,block_io,15,1,4347,true
187694,block_io,15,1,5597,true
187781,block_io,15,1,4401,true
187868,block_io,15,1,5416,true
187955,block_io,15,1,4886,true
188042,block_io,15,1,5242,true
188216,block_io,15,1,4977,true
188303,block_io,15,2,3846,false
188477,block_io,15,2,4873,false
188564,block_io,15,2,4732,false
188651,block_io,15,2,5518,false
188738,block_io,15,2,4493,false
188825,block_io,15,2,4427,false
188999,block_io,15,2,5307,false
189086,block_io,15,2,4211,false
189173,block_io,15,2,5516,false
189260,block_io,15,2,4029,false
189347,block_io,15,2,5256,false
189521,block_io,15,2,4476,false
189608,block_io,15,2,3724,false
189695,block_io,15,2,5254,false
189782,block_io,15,2,5520,false
189956,block_io,15,2,3773,true
190043,block_io,15,2,5054,true
190217,block_io,15,2,4407,true
190304,block_io,15,2,5662,true
190391,block_io,15,2,4511,true
190478,block_io,15,2,5594,true
190652,block_io,15,2,4435,true
190739,block_io,15,2,5775,true
190826,block_io,15,2,4594,true
190913,block_io,15,2,5507,true
191000,block_io,15,2,3914,true
191174,block_io,15,2,5098,true
191261,block_io,15,2,4278,true
191348,block_io,15,2,5372,true
191435,block_io,15,2,4995,true
191609,block_io,15,3,3844,false
191696,block_io,15,3,5040,false
191783,block_io,15,3,5475,false
191957,block_io,15,3,4029,false
192044,block_io,15,3,5402,false
192131,block_io,15,3,4299,false
192218,block_io,15,3,5631,false
192392,block_io,15,3,4562,false
192479,block_io,15,3,5511,false
192566,block_io,15,3,4029,false
192653,block_io,15,3,5488,false
192740,block_io,15,3,4309,false
192914,block_io,15,3,5466,false
193001,block_io,15,3,4427,false
193088,block_io,15,3,5895,false
193262,block_io,15,3,3758,true
193349,block_io,15,3,5103,true
193436,block_io,15,3,5360,true
193610,block_io,15,3,4333,true
193697,block_io,15,3,5617,true
193784,block_io,15,3,4820,true
193871,block_io,15,3,4482,true
193958,block_io,15,3,5953,true
194045,block_io,15,3,4662,true
194219,block_io,15,3,4805,true
194306,block_io,15,3,4164,true
194393,block_io,15,3,5530,true
194480,block_io,15,3,4705,true
194567,block_io,15,3,5360,true
194741,block_io,15,3,5073,true
194828,block_io,15,4,4071,false
195002,block_io,15,4,5291,false
195089,block_io,15,4,5245,false
195176,block_io,15,4,4308,false
195263,block_io,15,4,5461,false
195350,block_io,15,4,4113,false
195524,block_io,15,4,4959,false
195611,block_io,15,4,4648,false
195785,block_io,15,4,5245,false
195872,block_io,15,4,5380,false
196046,block_io,15,4,4407,false
196133,block_io,15,4,5765,false
196220,block_io,15,4,4255,false
196307,block_io,15,4,5270,false
196394,block_io,15,4,4940,false
196568,block_io,15,4,3733,true
196655,block_io,15,4,5242,true
196742,block_io,15,4,5396,true
196916,block_io,15,4,5176,true
197003,block_io,15,4,5836,true
197090,block_io,15,4,5222,true
197177,block_io,15,4,4130,true
197351,block_io,15,4,5500,true
197438,block_io,15,4,4289,true
197525,block_io,15,4,4331,true
197612,block_io,15,4,5059,true
197786,block_io,15,4,3956,true
197873,block_io,15,4,4943,true
197960,block_io,15,4,4327,true
198047,block_io,15,4,6320,true
198221,block_io,15,5,3741,false
198308,block_io,15,5,5189,false
198395,block_io,15,5,5235,false
198569,block_io,15,5,4501,false
198656,block_io,15,5,5434,false
198743,block_io,15,5,5040,false
198830,block_io,15,5,4626,false
199004,block_io,15,5,5554,false
199091,block_io,15,5,4705,false
199178,block_io,15,5,5731,false
199265,block_io,15,5,5473,false
199439,block_io,15,5,4436,false
199526,block_io,15,5,6059,false
199613,block_io,15,5,4750,false
199700,block_io,15,5,6299,false
199874,block_io,15,5,4063,true
199961,block_io,15,5,5156,true
200048,block_io,15,5,5569,true
200222,block_io,15,5,4503,true
200309,block_io,15,5,4938,true
200396,block_io,15,5,4116,true
200483,block_io,15,5,5104,true
200570,block_io,15,5,4110,true
200744,block_io,15,5,5355,true
200831,block_io,15,5,4857,true
200918,block_io,15,5,6132,true
201005,block_io,15,5,4251,true
201092,block_io,15,5,5489,true
201266,block_io,15,5,4350,true
201353,block_io,15,5,6689,true
201527,block_io,15,6,3997,false
201614,block_io,15,6,5342,false
201701,block_io,15,6,5502,false
201788,block_io,15,6,5719,false
201962,block_io,15,6,5015,false
202049,block_io,15,6,4798,false
202136,block_io,15,6,5478,false
202223,block_io,15,6,4674,false
202310,block_io,15,6,4279,false
202484,block_io,15,6,5390,false
202571,block_io,15,6,4542,false
202658,block_io,15,6,5543,false
202745,block_io,15,6,4075,false
202832,block_io,15,6,5304,false
203006,block_io,15,6,4820,false
203093,block_io,15,6,3781,true
203267,block_io,15,6,3858,true
203354,block_io,15,6,5334,true
203441,block_io,15,6,4022,true
203528,block_io,15,6,5223,true
203615,block_io,15,6,4820,true
203789,block_io,15,6,5383,true
203876,block_io,15,6,4571,true
203963,block_io,15,6,6031,true
204050,block_io,15,6,4188,true
204224,block_io,15,6,4582,true
204311,block_io,15,6,4617,true
204398,block_io,15,6,5756,true
204485,block_io,15,6,4825,true
204572,block_io,15,6,4887,true
204746,block_io,15,7,3926,false
204833,block_io,15,7,4857,false
205007,block_io,15,7,5367,false
205094,block_io,15,7,4754,false
205181,block_io,15,7,4212,false
205268,block_io,15,7,5392,false
205442,block_io,15,7,4423,false
205529,block_io,15,7,5501,false
205616,block_io,15,7,4602,false
205703,block_io,15,7,5742,false
205790,block_io,15,7,3912,false
205964,block_io,15,7,4871,false
206051,block_io,15,7,4400,false
206138,block_io,15,7,5250,false
206225,block_io,15,7,4858,false
206399,block_io,15,7,3781,true
206486,block_io,15,7,5217,true
206573,block_io,15,7,5393,true
206747,block_io,15,7,4176,true
206834,block_io,15,7,5634,true
206921,block_io,15,7,4245,true
207008,block_io,15,7,5673,true
207095,block_io,15,7,5008,true
207269,block_io,15,7,4181,true
207356,block_io,15,7,5600,true
207443,block_io,15,7,3920,true
207530,block_io,15,7,5577,true
207704,block_io,15,7,4747,true
207791,block_io,15,7,5686,true
207878,block_io,15,7,5703,true
208052,block_io,15,8,3817,false
208139,block_io,15,8,4804,false
208226,block_io,15,8,5587,false
208313,block_io,15,8,4395,false
208487,block_io,15,8,5482,false
208574,block_io,15,8,4469,false
208661,block_io,15,8,5656,false
208748,block_io,15,8,4859,false
208835,block_io,15,8,4169,false
209009,block_io,15,8,5745,false
209096,block_io,15,8,5610,false
209183,block_io,15,8,4531,false
209270,block_io,15,8,5442,false
209357,block_io,15,8,4975,false
209531,block_io,15,8,5424,false
209618,block_io,15,8,3984,true
209792,block_io,15,8,5297,true
209879,block_io,15,8,5401,true
209966,block_io,15,8,4667,true
210053,block_io,15,8,4329,true
210140,block_io,15,8,5445,true
210314,block_io,15,8,4125,true
210401,block_io,15,8,5363,true
210488,block_io,15,8,4413,true
210575,block_io,15,8,4104,true
210662,block_io,15,8,5549,true
210836,block_io,15,8,4081,true
210923,block_io,15,8,5444,true
211010,block_io,15,8,4574,true
211097,block_io,15,8,6282,true
211271,block_io,15,9,3971,false
211358,block_io,15,9,5556,false
211445,block_io,15,9,5563,false
211619,block_io,15,9,4478,false
211706,block_io,15,9,4893,false
211793,block_io,15,9,4542,false
211880,block_io,15,9,5583,false
212054,block_io,15,9,4137,false
212141,block_io,15,9,5413,false
212228,block_io,15,9,4476,false
212315,block_io,15,9,5708,false
212402,block_io,15,9,4426,false
212576,block_io,15,9,4999,false
212663,block_io,15,9,3910,false
212750,block_io,15,9,5987,false
212924,block_io,15,9,4023,true
213011,block_io,15,9,5645,true
213098,block_io,15,9,5907,true
213185,block_io,15,9,4124,true
213359,block_io,15,9,5460,true
213446,block_io,15,9,4362,true
213533,block_io,15,9,5903,true
213620,block_io,15,9,4539,true
213707,block_io,15,9,5877,true
213881,block_io,15,9,5079,true
213968,block_io,15,9,4480,true
214055,block_io,15,9,5963,true
214142,block_io,15,9,4032,true
214316,block_io,15,9,5187,true
214403,block_io,15,9,4844,true
214490,block_io,15,10,3684,false
214664,block_io,15,10,5226,false
214751,block_io,15,10,5511,false
214838,block_io,15,10,4355,false
214925,block_io,15,10,5524,false
215012,block_io,15,10,4170,false
215186,block_io,15,10,5696,false
215273,block_io,15,10,4388,false
215360,block_io,15,10,5100,false
215447,block_io,15,10,4146,false
215534,block_io,15,10,5488,false
215708,block_io,15,10,4209,false
215795,block_io,15,10,5673,false
215882,block_io,15,10,4581,false
215969,block_io,15,10,6495,false
216143,block_io,15,10,4020,true
216230,block_io,15,10,5469,true
216317,block_io,15,10,5431,true
216491,block_io,15,10,4577,true
216578,block_io,15,10,5690,true
216665,block_io,15,10,4262,true
216752,block_io,15,10,5484,true
216926,block_io,15,10,5258,true
217013,block_io,15,10,4603,true
217100,block_io,15,10,5591,true
217187,block_io,15,10,4129,true
217274,block_io,15,10,5588,true
217448,block_io,15,10,5319,true
217535,block_io,15,10,5159,true
217622,block_io,15,10,5467,true
